statistic,estimate,expected,±1 SE
P(1) (monobit),0.5092512908777969,0.5,0.007288706068924535
Shannon entropy (bits),0.9997530358073217,1.0,0.00045301105314462533
gzip compression ratio,1.0395869191049913,1.0,0.0
LZ78 complexity,615.0,615.0,1.4584982556438562
mean|ACF| (lag ≤50),0.013999999653956935,0.011703263997834454,0.0015283402369943473
slope P(1) vs angle,-0.00036958386678422213,0.0,0.00025633636881469105
